{"weights": [[0.06150311299894256, -0.15123416350020702], [0.17722268719780676, 0.702561053045346], [0.7022548974578338, 0.40326556940846886]], "X_scaler": {"scale": [0.038461538461538464, 1.0], "min": [-0.34615384615384615, 0.0], "data_min": [9.0, 0.0], "data_max": [35.0, 1.0]}, "y_scaler": {"scale": [0.006711409395973154, 0.2], "min": [-0.7382550335570469, 0.0], "data_min": [110.0, 0.0], "data_max": [259.0, 5.0]}}