{"weights": [[0.14596193198948176, -0.0951265485333253], [0.12034218496347648, 0.5320680877270929], [0.4988146228540744, 0.33266730470137046]], "X_scaler": {"scale": [0.03225806451612903, 1.0], "min": [-0.29032258064516125, 0.0], "data_min": [9.0, 0.0], "data_max": [40.0, 1.0]}, "y_scaler": {"scale": [0.006060606060606061, 0.16666666666666666], "min": [-0.6060606060606061, 0.0], "data_min": [100.0, 0.0], "data_max": [265.0, 6.0]}}